province_code,province_name,effective_date,valid_until,daily_wage,source
10,กรุงเทพมหานคร,2018-04-01,,325,ประกาศคณะกรรมการค่าจ้าง ฉบับที่ 9 https://www.mol.go.th/wp-content/uploads/sites/2/2019/07/prakaaskhnakrrmkaarkhaacchaang_eruueng_atraakhaacchaangkhantam_chbabthii9_0.pdf
11,สมุทรปราการ,2018-04-01,,325,ประกาศคณะกรรมการค่าจ้าง ฉบับที่ 9 https://www.mol.go.th/wp-content/uploads/sites/2/2019/07/prakaaskhnakrrmkaarkhaacchaang_eruueng_atraakhaacchaangkhantam_chbabthii9_0.pdf
12,นนทบุรี,2018-04-01,,325,ประกาศคณะกรรมการค่าจ้าง ฉบับที่ 9 https://www.mol.go.th/wp-content/uploads/sites/2/2019/07/prakaaskhnakrrmkaarkhaacchaang_eruueng_atraakhaacchaangkhantam_chbabthii9_0.pdf
13,ปทุมธานี,2018-04-01,,325,ประกาศคณะกรรมการค่าจ้าง ฉบับที่ 9 https://www.mol.go.th/wp-content/uploads/sites/2/2019/07/prakaaskhnakrrmkaarkhaacchaang_eruueng_atraakhaacchaangkhantam_chbabthii9_0.pdf
14,พระนครศรีอยุธยา,2018-04-01,,320,ประกาศคณะกรรมการค่าจ้าง ฉบับที่ 9 https://www.mol.go.th/wp-content/uploads/sites/2/2019/07/prakaaskhnakrrmkaarkhaacchaang_eruueng_atraakhaacchaangkhantam_chbabthii9_0.pdf
15,อ่างทอง,2018-04-01,,315,ประกาศคณะกรรมการค่าจ้าง ฉบับที่ 9 https://www.mol.go.th/wp-content/uploads/sites/2/2019/07/prakaaskhnakrrmkaarkhaacchaang_eruueng_atraakhaacchaangkhantam_chbabthii9_0.pdf
16,ลพบุรี,2018-04-01,,320,ประกาศคณะกรรมการค่าจ้าง ฉบับที่ 9 https://www.mol.go.th/wp-content/uploads/sites/2/2019/07/prakaaskhnakrrmkaarkhaacchaang_eruueng_atraakhaacchaangkhantam_chbabthii9_0.pdf
17,สิงห์บุรี,2018-04-01,,310,ประกาศคณะกรรมการค่าจ้าง ฉบับที่ 9 https://www.mol.go.th/wp-content/uploads/sites/2/2019/07/prakaaskhnakrrmkaarkhaacchaang_eruueng_atraakhaacchaangkhantam_chbabthii9_0.pdf
18,ชัยนาท,2018-04-01,,315,ประกาศคณะกรรมการค่าจ้าง ฉบับที่ 9 https://www.mol.go.th/wp-content/uploads/sites/2/2019/07/prakaaskhnakrrmkaarkhaacchaang_eruueng_atraakhaacchaangkhantam_chbabthii9_0.pdf
19,สระบุรี,2018-04-01,,320,ประกาศคณะกรรมการค่าจ้าง ฉบับที่ 9 https://www.mol.go.th/wp-content/uploads/sites/2/2019/07/prakaaskhnakrrmkaarkhaacchaang_eruueng_atraakhaacchaangkhantam_chbabthii9_0.pdf
20,ชลบุรี,2018-04-01,,330,ประกาศคณะกรรมการค่าจ้าง ฉบับที่ 9 https://www.mol.go.th/wp-content/uploads/sites/2/2019/07/prakaaskhnakrrmkaarkhaacchaang_eruueng_atraakhaacchaangkhantam_chbabthii9_0.pdf
21,ระยอง,2018-04-01,,330,ประกาศคณะกรรมการค่าจ้าง ฉบับที่ 9 https://www.mol.go.th/wp-content/uploads/sites/2/2019/07/prakaaskhnakrrmkaarkhaacchaang_eruueng_atraakhaacchaangkhantam_chbabthii9_0.pdf
22,จันทบุรี,2018-04-01,,318,ประกาศคณะกรรมการค่าจ้าง ฉบับที่ 9 https://www.mol.go.th/wp-content/uploads/sites/2/2019/07/prakaaskhnakrrmkaarkhaacchaang_eruueng_atraakhaacchaangkhantam_chbabthii9_0.pdf
23,ตราด,2018-04-01,,320,ประกาศคณะกรรมการค่าจ้าง ฉบับที่ 9 https://www.mol.go.th/wp-content/uploads/sites/2/2019/07/prakaaskhnakrrmkaarkhaacchaang_eruueng_atraakhaacchaangkhantam_chbabthii9_0.pdf
24,ฉะเชิงเทรา,2018-04-01,,325,ประกาศคณะกรรมการค่าจ้าง ฉบับที่ 9 https://www.mol.go.th/wp-content/uploads/sites/2/2019/07/prakaaskhnakrrmkaarkhaacchaang_eruueng_atraakhaacchaangkhantam_chbabthii9_0.pdf
25,ปราจีนบุรี,2018-04-01,,318,ประกาศคณะกรรมการค่าจ้าง ฉบับที่ 9 https://www.mol.go.th/wp-content/uploads/sites/2/2019/07/prakaaskhnakrrmkaarkhaacchaang_eruueng_atraakhaacchaangkhantam_chbabthii9_0.pdf
26,นครนายก,2018-04-01,,318,ประกาศคณะกรรมการค่าจ้าง ฉบับที่ 9 https://www.mol.go.th/wp-content/uploads/sites/2/2019/07/prakaaskhnakrrmkaarkhaacchaang_eruueng_atraakhaacchaangkhantam_chbabthii9_0.pdf
27,สระแก้ว,2018-04-01,,315,ประกาศคณะกรรมการค่าจ้าง ฉบับที่ 9 https://www.mol.go.th/wp-content/uploads/sites/2/2019/07/prakaaskhnakrrmkaarkhaacchaang_eruueng_atraakhaacchaangkhantam_chbabthii9_0.pdf
30,นครราชสีมา,2018-04-01,,320,ประกาศคณะกรรมการค่าจ้าง ฉบับที่ 9 https://www.mol.go.th/wp-content/uploads/sites/2/2019/07/prakaaskhnakrrmkaarkhaacchaang_eruueng_atraakhaacchaangkhantam_chbabthii9_0.pdf
31,บุรีรัมย์,2018-04-01,,315,ประกาศคณะกรรมการค่าจ้าง ฉบับที่ 9 https://www.mol.go.th/wp-content/uploads/sites/2/2019/07/prakaaskhnakrrmkaarkhaacchaang_eruueng_atraakhaacchaangkhantam_chbabthii9_0.pdf
32,สุรินทร์,2018-04-01,,315,ประกาศคณะกรรมการค่าจ้าง ฉบับที่ 9 https://www.mol.go.th/wp-content/uploads/sites/2/2019/07/prakaaskhnakrrmkaarkhaacchaang_eruueng_atraakhaacchaangkhantam_chbabthii9_0.pdf
33,ศรีสะเกษ,2018-04-01,,310,ประกาศคณะกรรมการค่าจ้าง ฉบับที่ 9 https://www.mol.go.th/wp-content/uploads/sites/2/2019/07/prakaaskhnakrrmkaarkhaacchaang_eruueng_atraakhaacchaangkhantam_chbabthii9_0.pdf
34,อุบลราชธานี,2018-04-01,,320,ประกาศคณะกรรมการค่าจ้าง ฉบับที่ 9 https://www.mol.go.th/wp-content/uploads/sites/2/2019/07/prakaaskhnakrrmkaarkhaacchaang_eruueng_atraakhaacchaangkhantam_chbabthii9_0.pdf
35,ยโสธร,2018-04-01,,315,ประกาศคณะกรรมการค่าจ้าง ฉบับที่ 9 https://www.mol.go.th/wp-content/uploads/sites/2/2019/07/prakaaskhnakrrmkaarkhaacchaang_eruueng_atraakhaacchaangkhantam_chbabthii9_0.pdf
36,ชัยภูมิ,2018-04-01,,310,ประกาศคณะกรรมการค่าจ้าง ฉบับที่ 9 https://www.mol.go.th/wp-content/uploads/sites/2/2019/07/prakaaskhnakrrmkaarkhaacchaang_eruueng_atraakhaacchaangkhantam_chbabthii9_0.pdf
37,อำนาจเจริญ,2018-04-01,,310,ประกาศคณะกรรมการค่าจ้าง ฉบับที่ 9 https://www.mol.go.th/wp-content/uploads/sites/2/2019/07/prakaaskhnakrrmkaarkhaacchaang_eruueng_atraakhaacchaangkhantam_chbabthii9_0.pdf
38,บึงกาฬ,2018-04-01,,315,ประกาศคณะกรรมการค่าจ้าง ฉบับที่ 9 https://www.mol.go.th/wp-content/uploads/sites/2/2019/07/prakaaskhnakrrmkaarkhaacchaang_eruueng_atraakhaacchaangkhantam_chbabthii9_0.pdf
39,หนองบัวลำภู,2018-04-01,,310,ประกาศคณะกรรมการค่าจ้าง ฉบับที่ 9 https://www.mol.go.th/wp-content/uploads/sites/2/2019/07/prakaaskhnakrrmkaarkhaacchaang_eruueng_atraakhaacchaangkhantam_chbabthii9_0.pdf
40,ขอนแก่น,2018-04-01,,320,ประกาศคณะกรรมการค่าจ้าง ฉบับที่ 9 https://www.mol.go.th/wp-content/uploads/sites/2/2019/07/prakaaskhnakrrmkaarkhaacchaang_eruueng_atraakhaacchaangkhantam_chbabthii9_0.pdf
41,อุดรธานี,2018-04-01,,315,ประกาศคณะกรรมการค่าจ้าง ฉบับที่ 9 https://www.mol.go.th/wp-content/uploads/sites/2/2019/07/prakaaskhnakrrmkaarkhaacchaang_eruueng_atraakhaacchaangkhantam_chbabthii9_0.pdf
42,เลย,2018-04-01,,315,ประกาศคณะกรรมการค่าจ้าง ฉบับที่ 9 https://www.mol.go.th/wp-content/uploads/sites/2/2019/07/prakaaskhnakrrmkaarkhaacchaang_eruueng_atraakhaacchaangkhantam_chbabthii9_0.pdf
43,หนองคาย,2018-04-01,,320,ประกาศคณะกรรมการค่าจ้าง ฉบับที่ 9 https://www.mol.go.th/wp-content/uploads/sites/2/2019/07/prakaaskhnakrrmkaarkhaacchaang_eruueng_atraakhaacchaangkhantam_chbabthii9_0.pdf
44,มหาสารคาม,2018-04-01,,310,ประกาศคณะกรรมการค่าจ้าง ฉบับที่ 9 https://www.mol.go.th/wp-content/uploads/sites/2/2019/07/prakaaskhnakrrmkaarkhaacchaang_eruueng_atraakhaacchaangkhantam_chbabthii9_0.pdf
45,ร้อยเอ็ด,2018-04-01,,315,ประกาศคณะกรรมการค่าจ้าง ฉบับที่ 9 https://www.mol.go.th/wp-content/uploads/sites/2/2019/07/prakaaskhnakrrmkaarkhaacchaang_eruueng_atraakhaacchaangkhantam_chbabthii9_0.pdf
46,กาฬสินธุ์,2018-04-01,,318,ประกาศคณะกรรมการค่าจ้าง ฉบับที่ 9 https://www.mol.go.th/wp-content/uploads/sites/2/2019/07/prakaaskhnakrrmkaarkhaacchaang_eruueng_atraakhaacchaangkhantam_chbabthii9_0.pdf
47,สกลนคร,2018-04-01,,318,ประกาศคณะกรรมการค่าจ้าง ฉบับที่ 9 https://www.mol.go.th/wp-content/uploads/sites/2/2019/07/prakaaskhnakrrmkaarkhaacchaang_eruueng_atraakhaacchaangkhantam_chbabthii9_0.pdf
48,นครพนม,2018-04-01,,315,ประกาศคณะกรรมการค่าจ้าง ฉบับที่ 9 https://www.mol.go.th/wp-content/uploads/sites/2/2019/07/prakaaskhnakrrmkaarkhaacchaang_eruueng_atraakhaacchaangkhantam_chbabthii9_0.pdf
49,มุกดาหาร,2018-04-01,,318,ประกาศคณะกรรมการค่าจ้าง ฉบับที่ 9 https://www.mol.go.th/wp-content/uploads/sites/2/2019/07/prakaaskhnakrrmkaarkhaacchaang_eruueng_atraakhaacchaangkhantam_chbabthii9_0.pdf
50,เชียงใหม่,2018-04-01,,320,ประกาศคณะกรรมการค่าจ้าง ฉบับที่ 9 https://www.mol.go.th/wp-content/uploads/sites/2/2019/07/prakaaskhnakrrmkaarkhaacchaang_eruueng_atraakhaacchaangkhantam_chbabthii9_0.pdf
51,ลำพูน,2018-04-01,,310,ประกาศคณะกรรมการค่าจ้าง ฉบับที่ 9 https://www.mol.go.th/wp-content/uploads/sites/2/2019/07/prakaaskhnakrrmkaarkhaacchaang_eruueng_atraakhaacchaangkhantam_chbabthii9_0.pdf
52,ลำปาง,2018-04-01,,310,ประกาศคณะกรรมการค่าจ้าง ฉบับที่ 9 https://www.mol.go.th/wp-content/uploads/sites/2/2019/07/prakaaskhnakrrmkaarkhaacchaang_eruueng_atraakhaacchaangkhantam_chbabthii9_0.pdf
53,อุตรดิตถ์,2018-04-01,,315,ประกาศคณะกรรมการค่าจ้าง ฉบับที่ 9 https://www.mol.go.th/wp-content/uploads/sites/2/2019/07/prakaaskhnakrrmkaarkhaacchaang_eruueng_atraakhaacchaangkhantam_chbabthii9_0.pdf
54,แพร่,2018-04-01,,310,ประกาศคณะกรรมการค่าจ้าง ฉบับที่ 9 https://www.mol.go.th/wp-content/uploads/sites/2/2019/07/prakaaskhnakrrmkaarkhaacchaang_eruueng_atraakhaacchaangkhantam_chbabthii9_0.pdf
55,น่าน,2018-04-01,,315,ประกาศคณะกรรมการค่าจ้าง ฉบับที่ 9 https://www.mol.go.th/wp-content/uploads/sites/2/2019/07/prakaaskhnakrrmkaarkhaacchaang_eruueng_atraakhaacchaangkhantam_chbabthii9_0.pdf
56,พะเยา,2018-04-01,,315,ประกาศคณะกรรมการค่าจ้าง ฉบับที่ 9 https://www.mol.go.th/wp-content/uploads/sites/2/2019/07/prakaaskhnakrrmkaarkhaacchaang_eruueng_atraakhaacchaangkhantam_chbabthii9_0.pdf
57,เชียงราย,2018-04-01,,310,ประกาศคณะกรรมการค่าจ้าง ฉบับที่ 9 https://www.mol.go.th/wp-content/uploads/sites/2/2019/07/prakaaskhnakrrmkaarkhaacchaang_eruueng_atraakhaacchaangkhantam_chbabthii9_0.pdf
58,แม่ฮ่องสอน,2018-04-01,,310,ประกาศคณะกรรมการค่าจ้าง ฉบับที่ 9 https://www.mol.go.th/wp-content/uploads/sites/2/2019/07/prakaaskhnakrrmkaarkhaacchaang_eruueng_atraakhaacchaangkhantam_chbabthii9_0.pdf
60,นครสวรรค์,2018-04-01,,315,ประกาศคณะกรรมการค่าจ้าง ฉบับที่ 9 https://www.mol.go.th/wp-content/uploads/sites/2/2019/07/prakaaskhnakrrmkaarkhaacchaang_eruueng_atraakhaacchaangkhantam_chbabthii9_0.pdf
61,อุทัยธานี,2018-04-01,,310,ประกาศคณะกรรมการค่าจ้าง ฉบับที่ 9 https://www.mol.go.th/wp-content/uploads/sites/2/2019/07/prakaaskhnakrrmkaarkhaacchaang_eruueng_atraakhaacchaangkhantam_chbabthii9_0.pdf
62,กำแพงเพชร,2018-04-01,,310,ประกาศคณะกรรมการค่าจ้าง ฉบับที่ 9 https://www.mol.go.th/wp-content/uploads/sites/2/2019/07/prakaaskhnakrrmkaarkhaacchaang_eruueng_atraakhaacchaangkhantam_chbabthii9_0.pdf
63,ตาก,2018-04-01,,310,ประกาศคณะกรรมการค่าจ้าง ฉบับที่ 9 https://www.mol.go.th/wp-content/uploads/sites/2/2019/07/prakaaskhnakrrmkaarkhaacchaang_eruueng_atraakhaacchaangkhantam_chbabthii9_0.pdf
64,สุโขทัย,2018-04-01,,310,ประกาศคณะกรรมการค่าจ้าง ฉบับที่ 9 https://www.mol.go.th/wp-content/uploads/sites/2/2019/07/prakaaskhnakrrmkaarkhaacchaang_eruueng_atraakhaacchaangkhantam_chbabthii9_0.pdf
65,พิษณุโลก,2018-04-01,,315,ประกาศคณะกรรมการค่าจ้าง ฉบับที่ 9 https://www.mol.go.th/wp-content/uploads/sites/2/2019/07/prakaaskhnakrrmkaarkhaacchaang_eruueng_atraakhaacchaangkhantam_chbabthii9_0.pdf
66,พิจิตร,2018-04-01,,310,ประกาศคณะกรรมการค่าจ้าง ฉบับที่ 9 https://www.mol.go.th/wp-content/uploads/sites/2/2019/07/prakaaskhnakrrmkaarkhaacchaang_eruueng_atraakhaacchaangkhantam_chbabthii9_0.pdf
67,เพชรบูรณ์,2018-04-01,,315,ประกาศคณะกรรมการค่าจ้าง ฉบับที่ 9 https://www.mol.go.th/wp-content/uploads/sites/2/2019/07/prakaaskhnakrrmkaarkhaacchaang_eruueng_atraakhaacchaangkhantam_chbabthii9_0.pdf
70,ราชบุรี,2018-04-01,,310,ประกาศคณะกรรมการค่าจ้าง ฉบับที่ 9 https://www.mol.go.th/wp-content/uploads/sites/2/2019/07/prakaaskhnakrrmkaarkhaacchaang_eruueng_atraakhaacchaangkhantam_chbabthii9_0.pdf
71,กาญจนบุรี,2018-04-01,,315,ประกาศคณะกรรมการค่าจ้าง ฉบับที่ 9 https://www.mol.go.th/wp-content/uploads/sites/2/2019/07/prakaaskhnakrrmkaarkhaacchaang_eruueng_atraakhaacchaangkhantam_chbabthii9_0.pdf
72,สุพรรณบุรี,2018-04-01,,320,ประกาศคณะกรรมการค่าจ้าง ฉบับที่ 9 https://www.mol.go.th/wp-content/uploads/sites/2/2019/07/prakaaskhnakrrmkaarkhaacchaang_eruueng_atraakhaacchaangkhantam_chbabthii9_0.pdf
73,นครปฐม,2018-04-01,,325,ประกาศคณะกรรมการค่าจ้าง ฉบับที่ 9 https://www.mol.go.th/wp-content/uploads/sites/2/2019/07/prakaaskhnakrrmkaarkhaacchaang_eruueng_atraakhaacchaangkhantam_chbabthii9_0.pdf
74,สมุทรสาคร,2018-04-01,,325,ประกาศคณะกรรมการค่าจ้าง ฉบับที่ 9 https://www.mol.go.th/wp-content/uploads/sites/2/2019/07/prakaaskhnakrrmkaarkhaacchaang_eruueng_atraakhaacchaangkhantam_chbabthii9_0.pdf
75,สมุทรสงคราม,2018-04-01,,318,ประกาศคณะกรรมการค่าจ้าง ฉบับที่ 9 https://www.mol.go.th/wp-content/uploads/sites/2/2019/07/prakaaskhnakrrmkaarkhaacchaang_eruueng_atraakhaacchaangkhantam_chbabthii9_0.pdf
76,เพชรบุรี,2018-04-01,,315,ประกาศคณะกรรมการค่าจ้าง ฉบับที่ 9 https://www.mol.go.th/wp-content/uploads/sites/2/2019/07/prakaaskhnakrrmkaarkhaacchaang_eruueng_atraakhaacchaangkhantam_chbabthii9_0.pdf
77,ประจวบคีรีขันธ์,2018-04-01,,315,ประกาศคณะกรรมการค่าจ้าง ฉบับที่ 9 https://www.mol.go.th/wp-content/uploads/sites/2/2019/07/prakaaskhnakrrmkaarkhaacchaang_eruueng_atraakhaacchaangkhantam_chbabthii9_0.pdf
80,นครศรีธรรมราช,2018-04-01,,310,ประกาศคณะกรรมการค่าจ้าง ฉบับที่ 9 https://www.mol.go.th/wp-content/uploads/sites/2/2019/07/prakaaskhnakrrmkaarkhaacchaang_eruueng_atraakhaacchaangkhantam_chbabthii9_0.pdf
81,กระบี่,2018-04-01,,320,ประกาศคณะกรรมการค่าจ้าง ฉบับที่ 9 https://www.mol.go.th/wp-content/uploads/sites/2/2019/07/prakaaskhnakrrmkaarkhaacchaang_eruueng_atraakhaacchaangkhantam_chbabthii9_0.pdf
82,พังงา,2018-04-01,,320,ประกาศคณะกรรมการค่าจ้าง ฉบับที่ 9 https://www.mol.go.th/wp-content/uploads/sites/2/2019/07/prakaaskhnakrrmkaarkhaacchaang_eruueng_atraakhaacchaangkhantam_chbabthii9_0.pdf
83,ภูเก็ต,2018-04-01,,330,ประกาศคณะกรรมการค่าจ้าง ฉบับที่ 9 https://www.mol.go.th/wp-content/uploads/sites/2/2019/07/prakaaskhnakrrmkaarkhaacchaang_eruueng_atraakhaacchaangkhantam_chbabthii9_0.pdf
84,สุราษฎร์ธานี,2018-04-01,,320,ประกาศคณะกรรมการค่าจ้าง ฉบับที่ 9 https://www.mol.go.th/wp-content/uploads/sites/2/2019/07/prakaaskhnakrrmkaarkhaacchaang_eruueng_atraakhaacchaangkhantam_chbabthii9_0.pdf
85,ระนอง,2018-04-01,,310,ประกาศคณะกรรมการค่าจ้าง ฉบับที่ 9 https://www.mol.go.th/wp-content/uploads/sites/2/2019/07/prakaaskhnakrrmkaarkhaacchaang_eruueng_atraakhaacchaangkhantam_chbabthii9_0.pdf
86,ชุมพร,2018-04-01,,310,ประกาศคณะกรรมการค่าจ้าง ฉบับที่ 9 https://www.mol.go.th/wp-content/uploads/sites/2/2019/07/prakaaskhnakrrmkaarkhaacchaang_eruueng_atraakhaacchaangkhantam_chbabthii9_0.pdf
90,สงขลา,2018-04-01,,320,ประกาศคณะกรรมการค่าจ้าง ฉบับที่ 9 https://www.mol.go.th/wp-content/uploads/sites/2/2019/07/prakaaskhnakrrmkaarkhaacchaang_eruueng_atraakhaacchaangkhantam_chbabthii9_0.pdf
91,สตูล,2018-04-01,,310,ประกาศคณะกรรมการค่าจ้าง ฉบับที่ 9 https://www.mol.go.th/wp-content/uploads/sites/2/2019/07/prakaaskhnakrrmkaarkhaacchaang_eruueng_atraakhaacchaangkhantam_chbabthii9_0.pdf
92,ตรัง,2018-04-01,,310,ประกาศคณะกรรมการค่าจ้าง ฉบับที่ 9 https://www.mol.go.th/wp-content/uploads/sites/2/2019/07/prakaaskhnakrrmkaarkhaacchaang_eruueng_atraakhaacchaangkhantam_chbabthii9_0.pdf
93,พัทลุง,2018-04-01,,315,ประกาศคณะกรรมการค่าจ้าง ฉบับที่ 9 https://www.mol.go.th/wp-content/uploads/sites/2/2019/07/prakaaskhnakrrmkaarkhaacchaang_eruueng_atraakhaacchaangkhantam_chbabthii9_0.pdf
94,ปัตตานี,2018-04-01,,308,ประกาศคณะกรรมการค่าจ้าง ฉบับที่ 9 https://www.mol.go.th/wp-content/uploads/sites/2/2019/07/prakaaskhnakrrmkaarkhaacchaang_eruueng_atraakhaacchaangkhantam_chbabthii9_0.pdf
95,ยะลา,2018-04-01,,308,ประกาศคณะกรรมการค่าจ้าง ฉบับที่ 9 https://www.mol.go.th/wp-content/uploads/sites/2/2019/07/prakaaskhnakrrmkaarkhaacchaang_eruueng_atraakhaacchaangkhantam_chbabthii9_0.pdf
96,นราธิวาส,2018-04-01,,308,ประกาศคณะกรรมการค่าจ้าง ฉบับที่ 9 https://www.mol.go.th/wp-content/uploads/sites/2/2019/07/prakaaskhnakrrmkaarkhaacchaang_eruueng_atraakhaacchaangkhantam_chbabthii9_0.pdf
10,กรุงเทพมหานคร,2022-10-01,,353,ประกาศคณะกรรมการค่าจ้าง ฉบับที่ 11 https://www.mol.go.th/wp-content/uploads/sites/2/2022/09/PrakadWageMOL2565-11-for20Sep2565.pdf
11,สมุทรปราการ,2022-10-01,,353,ประกาศคณะกรรมการค่าจ้าง ฉบับที่ 11 https://www.mol.go.th/wp-content/uploads/sites/2/2022/09/PrakadWageMOL2565-11-for20Sep2565.pdf
12,นนทบุรี,2022-10-01,,353,ประกาศคณะกรรมการค่าจ้าง ฉบับที่ 11 https://www.mol.go.th/wp-content/uploads/sites/2/2022/09/PrakadWageMOL2565-11-for20Sep2565.pdf
13,ปทุมธานี,2022-10-01,,353,ประกาศคณะกรรมการค่าจ้าง ฉบับที่ 11 https://www.mol.go.th/wp-content/uploads/sites/2/2022/09/PrakadWageMOL2565-11-for20Sep2565.pdf
14,พระนครศรีอยุธยา,2022-10-01,,343,ประกาศคณะกรรมการค่าจ้าง ฉบับที่ 11 https://www.mol.go.th/wp-content/uploads/sites/2/2022/09/PrakadWageMOL2565-11-for20Sep2565.pdf
15,อ่างทอง,2022-10-01,,335,ประกาศคณะกรรมการค่าจ้าง ฉบับที่ 11 https://www.mol.go.th/wp-content/uploads/sites/2/2022/09/PrakadWageMOL2565-11-for20Sep2565.pdf
16,ลพบุรี,2022-10-01,,340,ประกาศคณะกรรมการค่าจ้าง ฉบับที่ 11 https://www.mol.go.th/wp-content/uploads/sites/2/2022/09/PrakadWageMOL2565-11-for20Sep2565.pdf
17,สิงห์บุรี,2022-10-01,,332,ประกาศคณะกรรมการค่าจ้าง ฉบับที่ 11 https://www.mol.go.th/wp-content/uploads/sites/2/2022/09/PrakadWageMOL2565-11-for20Sep2565.pdf
18,ชัยนาท,2022-10-01,,335,ประกาศคณะกรรมการค่าจ้าง ฉบับที่ 11 https://www.mol.go.th/wp-content/uploads/sites/2/2022/09/PrakadWageMOL2565-11-for20Sep2565.pdf
19,สระบุรี,2022-10-01,,340,ประกาศคณะกรรมการค่าจ้าง ฉบับที่ 11 https://www.mol.go.th/wp-content/uploads/sites/2/2022/09/PrakadWageMOL2565-11-for20Sep2565.pdf
20,ชลบุรี,2022-10-01,,354,ประกาศคณะกรรมการค่าจ้าง ฉบับที่ 11 https://www.mol.go.th/wp-content/uploads/sites/2/2022/09/PrakadWageMOL2565-11-for20Sep2565.pdf
21,ระยอง,2022-10-01,,354,ประกาศคณะกรรมการค่าจ้าง ฉบับที่ 11 https://www.mol.go.th/wp-content/uploads/sites/2/2022/09/PrakadWageMOL2565-11-for20Sep2565.pdf
22,จันทบุรี,2022-10-01,,338,ประกาศคณะกรรมการค่าจ้าง ฉบับที่ 11 https://www.mol.go.th/wp-content/uploads/sites/2/2022/09/PrakadWageMOL2565-11-for20Sep2565.pdf
23,ตราด,2022-10-01,,340,ประกาศคณะกรรมการค่าจ้าง ฉบับที่ 11 https://www.mol.go.th/wp-content/uploads/sites/2/2022/09/PrakadWageMOL2565-11-for20Sep2565.pdf
24,ฉะเชิงเทรา,2022-10-01,,345,ประกาศคณะกรรมการค่าจ้าง ฉบับที่ 11 https://www.mol.go.th/wp-content/uploads/sites/2/2022/09/PrakadWageMOL2565-11-for20Sep2565.pdf
25,ปราจีนบุรี,2022-10-01,,340,ประกาศคณะกรรมการค่าจ้าง ฉบับที่ 11 https://www.mol.go.th/wp-content/uploads/sites/2/2022/09/PrakadWageMOL2565-11-for20Sep2565.pdf
26,นครนายก,2022-10-01,,338,ประกาศคณะกรรมการค่าจ้าง ฉบับที่ 11 https://www.mol.go.th/wp-content/uploads/sites/2/2022/09/PrakadWageMOL2565-11-for20Sep2565.pdf
27,สระแก้ว,2022-10-01,,335,ประกาศคณะกรรมการค่าจ้าง ฉบับที่ 11 https://www.mol.go.th/wp-content/uploads/sites/2/2022/09/PrakadWageMOL2565-11-for20Sep2565.pdf
30,นครราชสีมา,2022-10-01,,340,ประกาศคณะกรรมการค่าจ้าง ฉบับที่ 11 https://www.mol.go.th/wp-content/uploads/sites/2/2022/09/PrakadWageMOL2565-11-for20Sep2565.pdf
31,บุรีรัมย์,2022-10-01,,335,ประกาศคณะกรรมการค่าจ้าง ฉบับที่ 11 https://www.mol.go.th/wp-content/uploads/sites/2/2022/09/PrakadWageMOL2565-11-for20Sep2565.pdf
32,สุรินทร์,2022-10-01,,335,ประกาศคณะกรรมการค่าจ้าง ฉบับที่ 11 https://www.mol.go.th/wp-content/uploads/sites/2/2022/09/PrakadWageMOL2565-11-for20Sep2565.pdf
33,ศรีสะเกษ,2022-10-01,,332,ประกาศคณะกรรมการค่าจ้าง ฉบับที่ 11 https://www.mol.go.th/wp-content/uploads/sites/2/2022/09/PrakadWageMOL2565-11-for20Sep2565.pdf
34,อุบลราชธานี,2022-10-01,,340,ประกาศคณะกรรมการค่าจ้าง ฉบับที่ 11 https://www.mol.go.th/wp-content/uploads/sites/2/2022/09/PrakadWageMOL2565-11-for20Sep2565.pdf
35,ยโสธร,2022-10-01,,335,ประกาศคณะกรรมการค่าจ้าง ฉบับที่ 11 https://www.mol.go.th/wp-content/uploads/sites/2/2022/09/PrakadWageMOL2565-11-for20Sep2565.pdf
36,ชัยภูมิ,2022-10-01,,332,ประกาศคณะกรรมการค่าจ้าง ฉบับที่ 11 https://www.mol.go.th/wp-content/uploads/sites/2/2022/09/PrakadWageMOL2565-11-for20Sep2565.pdf
37,อำนาจเจริญ,2022-10-01,,332,ประกาศคณะกรรมการค่าจ้าง ฉบับที่ 11 https://www.mol.go.th/wp-content/uploads/sites/2/2022/09/PrakadWageMOL2565-11-for20Sep2565.pdf
38,บึงกาฬ,2022-10-01,,335,ประกาศคณะกรรมการค่าจ้าง ฉบับที่ 11 https://www.mol.go.th/wp-content/uploads/sites/2/2022/09/PrakadWageMOL2565-11-for20Sep2565.pdf
39,หนองบัวลำภู,2022-10-01,,332,ประกาศคณะกรรมการค่าจ้าง ฉบับที่ 11 https://www.mol.go.th/wp-content/uploads/sites/2/2022/09/PrakadWageMOL2565-11-for20Sep2565.pdf
40,ขอนแก่น,2022-10-01,,340,ประกาศคณะกรรมการค่าจ้าง ฉบับที่ 11 https://www.mol.go.th/wp-content/uploads/sites/2/2022/09/PrakadWageMOL2565-11-for20Sep2565.pdf
41,อุดรธานี,2022-10-01,,328,ประกาศคณะกรรมการค่าจ้าง ฉบับที่ 11 https://www.mol.go.th/wp-content/uploads/sites/2/2022/09/PrakadWageMOL2565-11-for20Sep2565.pdf
42,เลย,2022-10-01,,335,ประกาศคณะกรรมการค่าจ้าง ฉบับที่ 11 https://www.mol.go.th/wp-content/uploads/sites/2/2022/09/PrakadWageMOL2565-11-for20Sep2565.pdf
43,หนองคาย,2022-10-01,,340,ประกาศคณะกรรมการค่าจ้าง ฉบับที่ 11 https://www.mol.go.th/wp-content/uploads/sites/2/2022/09/PrakadWageMOL2565-11-for20Sep2565.pdf
44,มหาสารคาม,2022-10-01,,332,ประกาศคณะกรรมการค่าจ้าง ฉบับที่ 11 https://www.mol.go.th/wp-content/uploads/sites/2/2022/09/PrakadWageMOL2565-11-for20Sep2565.pdf
45,ร้อยเอ็ด,2022-10-01,,335,ประกาศคณะกรรมการค่าจ้าง ฉบับที่ 11 https://www.mol.go.th/wp-content/uploads/sites/2/2022/09/PrakadWageMOL2565-11-for20Sep2565.pdf
46,กาฬสินธุ์,2022-10-01,,338,ประกาศคณะกรรมการค่าจ้าง ฉบับที่ 11 https://www.mol.go.th/wp-content/uploads/sites/2/2022/09/PrakadWageMOL2565-11-for20Sep2565.pdf
47,สกลนคร,2022-10-01,,338,ประกาศคณะกรรมการค่าจ้าง ฉบับที่ 11 https://www.mol.go.th/wp-content/uploads/sites/2/2022/09/PrakadWageMOL2565-11-for20Sep2565.pdf
48,นครพนม,2022-10-01,,335,ประกาศคณะกรรมการค่าจ้าง ฉบับที่ 11 https://www.mol.go.th/wp-content/uploads/sites/2/2022/09/PrakadWageMOL2565-11-for20Sep2565.pdf
49,มุกดาหาร,2022-10-01,,338,ประกาศคณะกรรมการค่าจ้าง ฉบับที่ 11 https://www.mol.go.th/wp-content/uploads/sites/2/2022/09/PrakadWageMOL2565-11-for20Sep2565.pdf
50,เชียงใหม่,2022-10-01,,340,ประกาศคณะกรรมการค่าจ้าง ฉบับที่ 11 https://www.mol.go.th/wp-content/uploads/sites/2/2022/09/PrakadWageMOL2565-11-for20Sep2565.pdf
51,ลำพูน,2022-10-01,,332,ประกาศคณะกรรมการค่าจ้าง ฉบับที่ 11 https://www.mol.go.th/wp-content/uploads/sites/2/2022/09/PrakadWageMOL2565-11-for20Sep2565.pdf
52,ลำปาง,2022-10-01,,332,ประกาศคณะกรรมการค่าจ้าง ฉบับที่ 11 https://www.mol.go.th/wp-content/uploads/sites/2/2022/09/PrakadWageMOL2565-11-for20Sep2565.pdf
53,อุตรดิตถ์,2022-10-01,,335,ประกาศคณะกรรมการค่าจ้าง ฉบับที่ 11 https://www.mol.go.th/wp-content/uploads/sites/2/2022/09/PrakadWageMOL2565-11-for20Sep2565.pdf
54,แพร่,2022-10-01,,332,ประกาศคณะกรรมการค่าจ้าง ฉบับที่ 11 https://www.mol.go.th/wp-content/uploads/sites/2/2022/09/PrakadWageMOL2565-11-for20Sep2565.pdf
55,น่าน,2022-10-01,,328,ประกาศคณะกรรมการค่าจ้าง ฉบับที่ 11 https://www.mol.go.th/wp-content/uploads/sites/2/2022/09/PrakadWageMOL2565-11-for20Sep2565.pdf
56,พะเยา,2022-10-01,,335,ประกาศคณะกรรมการค่าจ้าง ฉบับที่ 11 https://www.mol.go.th/wp-content/uploads/sites/2/2022/09/PrakadWageMOL2565-11-for20Sep2565.pdf
57,เชียงราย,2022-10-01,,332,ประกาศคณะกรรมการค่าจ้าง ฉบับที่ 11 https://www.mol.go.th/wp-content/uploads/sites/2/2022/09/PrakadWageMOL2565-11-for20Sep2565.pdf
58,แม่ฮ่องสอน,2022-10-01,,332,ประกาศคณะกรรมการค่าจ้าง ฉบับที่ 11 https://www.mol.go.th/wp-content/uploads/sites/2/2022/09/PrakadWageMOL2565-11-for20Sep2565.pdf
60,นครสวรรค์,2022-10-01,,335,ประกาศคณะกรรมการค่าจ้าง ฉบับที่ 11 https://www.mol.go.th/wp-content/uploads/sites/2/2022/09/PrakadWageMOL2565-11-for20Sep2565.pdf
61,อุทัยธานี,2022-10-01,,332,ประกาศคณะกรรมการค่าจ้าง ฉบับที่ 11 https://www.mol.go.th/wp-content/uploads/sites/2/2022/09/PrakadWageMOL2565-11-for20Sep2565.pdf
62,กำแพงเพชร,2022-10-01,,332,ประกาศคณะกรรมการค่าจ้าง ฉบับที่ 11 https://www.mol.go.th/wp-content/uploads/sites/2/2022/09/PrakadWageMOL2565-11-for20Sep2565.pdf
63,ตาก,2022-10-01,,332,ประกาศคณะกรรมการค่าจ้าง ฉบับที่ 11 https://www.mol.go.th/wp-content/uploads/sites/2/2022/09/PrakadWageMOL2565-11-for20Sep2565.pdf
64,สุโขทัย,2022-10-01,,332,ประกาศคณะกรรมการค่าจ้าง ฉบับที่ 11 https://www.mol.go.th/wp-content/uploads/sites/2/2022/09/PrakadWageMOL2565-11-for20Sep2565.pdf
65,พิษณุโลก,2022-10-01,,335,ประกาศคณะกรรมการค่าจ้าง ฉบับที่ 11 https://www.mol.go.th/wp-content/uploads/sites/2/2022/09/PrakadWageMOL2565-11-for20Sep2565.pdf
66,พิจิตร,2022-10-01,,332,ประกาศคณะกรรมการค่าจ้าง ฉบับที่ 11 https://www.mol.go.th/wp-content/uploads/sites/2/2022/09/PrakadWageMOL2565-11-for20Sep2565.pdf
67,เพชรบูรณ์,2022-10-01,,335,ประกาศคณะกรรมการค่าจ้าง ฉบับที่ 11 https://www.mol.go.th/wp-content/uploads/sites/2/2022/09/PrakadWageMOL2565-11-for20Sep2565.pdf
70,ราชบุรี,2022-10-01,,332,ประกาศคณะกรรมการค่าจ้าง ฉบับที่ 11 https://www.mol.go.th/wp-content/uploads/sites/2/2022/09/PrakadWageMOL2565-11-for20Sep2565.pdf
71,กาญจนบุรี,2022-10-01,,335,ประกาศคณะกรรมการค่าจ้าง ฉบับที่ 11 https://www.mol.go.th/wp-content/uploads/sites/2/2022/09/PrakadWageMOL2565-11-for20Sep2565.pdf
72,สุพรรณบุรี,2022-10-01,,340,ประกาศคณะกรรมการค่าจ้าง ฉบับที่ 11 https://www.mol.go.th/wp-content/uploads/sites/2/2022/09/PrakadWageMOL2565-11-for20Sep2565.pdf
73,นครปฐม,2022-10-01,,353,ประกาศคณะกรรมการค่าจ้าง ฉบับที่ 11 https://www.mol.go.th/wp-content/uploads/sites/2/2022/09/PrakadWageMOL2565-11-for20Sep2565.pdf
74,สมุทรสาคร,2022-10-01,,353,ประกาศคณะกรรมการค่าจ้าง ฉบับที่ 11 https://www.mol.go.th/wp-content/uploads/sites/2/2022/09/PrakadWageMOL2565-11-for20Sep2565.pdf
75,สมุทรสงคราม,2022-10-01,,338,ประกาศคณะกรรมการค่าจ้าง ฉบับที่ 11 https://www.mol.go.th/wp-content/uploads/sites/2/2022/09/PrakadWageMOL2565-11-for20Sep2565.pdf
76,เพชรบุรี,2022-10-01,,335,ประกาศคณะกรรมการค่าจ้าง ฉบับที่ 11 https://www.mol.go.th/wp-content/uploads/sites/2/2022/09/PrakadWageMOL2565-11-for20Sep2565.pdf
77,ประจวบคีรีขันธ์,2022-10-01,,335,ประกาศคณะกรรมการค่าจ้าง ฉบับที่ 11 https://www.mol.go.th/wp-content/uploads/sites/2/2022/09/PrakadWageMOL2565-11-for20Sep2565.pdf
80,นครศรีธรรมราช,2022-10-01,,332,ประกาศคณะกรรมการค่าจ้าง ฉบับที่ 11 https://www.mol.go.th/wp-content/uploads/sites/2/2022/09/PrakadWageMOL2565-11-for20Sep2565.pdf
81,กระบี่,2022-10-01,,340,ประกาศคณะกรรมการค่าจ้าง ฉบับที่ 11 https://www.mol.go.th/wp-content/uploads/sites/2/2022/09/PrakadWageMOL2565-11-for20Sep2565.pdf
82,พังงา,2022-10-01,,340,ประกาศคณะกรรมการค่าจ้าง ฉบับที่ 11 https://www.mol.go.th/wp-content/uploads/sites/2/2022/09/PrakadWageMOL2565-11-for20Sep2565.pdf
83,ภูเก็ต,2022-10-01,,354,ประกาศคณะกรรมการค่าจ้าง ฉบับที่ 11 https://www.mol.go.th/wp-content/uploads/sites/2/2022/09/PrakadWageMOL2565-11-for20Sep2565.pdf
84,สุราษฎร์ธานี,2022-10-01,,340,ประกาศคณะกรรมการค่าจ้าง ฉบับที่ 11 https://www.mol.go.th/wp-content/uploads/sites/2/2022/09/PrakadWageMOL2565-11-for20Sep2565.pdf
85,ระนอง,2022-10-01,,332,ประกาศคณะกรรมการค่าจ้าง ฉบับที่ 11 https://www.mol.go.th/wp-content/uploads/sites/2/2022/09/PrakadWageMOL2565-11-for20Sep2565.pdf
86,ชุมพร,2022-10-01,,332,ประกาศคณะกรรมการค่าจ้าง ฉบับที่ 11 https://www.mol.go.th/wp-content/uploads/sites/2/2022/09/PrakadWageMOL2565-11-for20Sep2565.pdf
90,สงขลา,2022-10-01,,340,ประกาศคณะกรรมการค่าจ้าง ฉบับที่ 11 https://www.mol.go.th/wp-content/uploads/sites/2/2022/09/PrakadWageMOL2565-11-for20Sep2565.pdf
91,สตูล,2022-10-01,,332,ประกาศคณะกรรมการค่าจ้าง ฉบับที่ 11 https://www.mol.go.th/wp-content/uploads/sites/2/2022/09/PrakadWageMOL2565-11-for20Sep2565.pdf
92,ตรัง,2022-10-01,,332,ประกาศคณะกรรมการค่าจ้าง ฉบับที่ 11 https://www.mol.go.th/wp-content/uploads/sites/2/2022/09/PrakadWageMOL2565-11-for20Sep2565.pdf
93,พัทลุง,2022-10-01,,335,ประกาศคณะกรรมการค่าจ้าง ฉบับที่ 11 https://www.mol.go.th/wp-content/uploads/sites/2/2022/09/PrakadWageMOL2565-11-for20Sep2565.pdf
94,ปัตตานี,2022-10-01,,328,ประกาศคณะกรรมการค่าจ้าง ฉบับที่ 11 https://www.mol.go.th/wp-content/uploads/sites/2/2022/09/PrakadWageMOL2565-11-for20Sep2565.pdf
95,ยะลา,2022-10-01,,328,ประกาศคณะกรรมการค่าจ้าง ฉบับที่ 11 https://www.mol.go.th/wp-content/uploads/sites/2/2022/09/PrakadWageMOL2565-11-for20Sep2565.pdf
96,นราธิวาส,2022-10-01,,328,ประกาศคณะกรรมการค่าจ้าง ฉบับที่ 11 https://www.mol.go.th/wp-content/uploads/sites/2/2022/09/PrakadWageMOL2565-11-for20Sep2565.pdf
10,กรุงเทพมหานคร,2024-01-01,,363,ประกาศคณะกรรมการค่าจ้าง ฉบับที่ 12 https://www.mol.go.th/wp-content/uploads/sites/2/2024/01/ประกาศคณะกรรมการค่าจ้างขั้นต่ำ-ฉ.12.pdf
11,สมุทรปราการ,2024-01-01,,363,ประกาศคณะกรรมการค่าจ้าง ฉบับที่ 12 https://www.mol.go.th/wp-content/uploads/sites/2/2024/01/ประกาศคณะกรรมการค่าจ้างขั้นต่ำ-ฉ.12.pdf
12,นนทบุรี,2024-01-01,,363,ประกาศคณะกรรมการค่าจ้าง ฉบับที่ 12 https://www.mol.go.th/wp-content/uploads/sites/2/2024/01/ประกาศคณะกรรมการค่าจ้างขั้นต่ำ-ฉ.12.pdf
13,ปทุมธานี,2024-01-01,,363,ประกาศคณะกรรมการค่าจ้าง ฉบับที่ 12 https://www.mol.go.th/wp-content/uploads/sites/2/2024/01/ประกาศคณะกรรมการค่าจ้างขั้นต่ำ-ฉ.12.pdf
14,พระนครศรีอยุธยา,2024-01-01,,350,ประกาศคณะกรรมการค่าจ้าง ฉบับที่ 12 https://www.mol.go.th/wp-content/uploads/sites/2/2024/01/ประกาศคณะกรรมการค่าจ้างขั้นต่ำ-ฉ.12.pdf
15,อ่างทอง,2024-01-01,,341,ประกาศคณะกรรมการค่าจ้าง ฉบับที่ 12 https://www.mol.go.th/wp-content/uploads/sites/2/2024/01/ประกาศคณะกรรมการค่าจ้างขั้นต่ำ-ฉ.12.pdf
16,ลพบุรี,2024-01-01,,349,ประกาศคณะกรรมการค่าจ้าง ฉบับที่ 12 https://www.mol.go.th/wp-content/uploads/sites/2/2024/01/ประกาศคณะกรรมการค่าจ้างขั้นต่ำ-ฉ.12.pdf
17,สิงห์บุรี,2024-01-01,,341,ประกาศคณะกรรมการค่าจ้าง ฉบับที่ 12 https://www.mol.go.th/wp-content/uploads/sites/2/2024/01/ประกาศคณะกรรมการค่าจ้างขั้นต่ำ-ฉ.12.pdf
18,ชัยนาท,2024-01-01,,341,ประกาศคณะกรรมการค่าจ้าง ฉบับที่ 12 https://www.mol.go.th/wp-content/uploads/sites/2/2024/01/ประกาศคณะกรรมการค่าจ้างขั้นต่ำ-ฉ.12.pdf
19,สระบุรี,2024-01-01,,350,ประกาศคณะกรรมการค่าจ้าง ฉบับที่ 12 https://www.mol.go.th/wp-content/uploads/sites/2/2024/01/ประกาศคณะกรรมการค่าจ้างขั้นต่ำ-ฉ.12.pdf
20,ชลบุรี,2024-01-01,,361,ประกาศคณะกรรมการค่าจ้าง ฉบับที่ 12 https://www.mol.go.th/wp-content/uploads/sites/2/2024/01/ประกาศคณะกรรมการค่าจ้างขั้นต่ำ-ฉ.12.pdf
21,ระยอง,2024-01-01,,361,ประกาศคณะกรรมการค่าจ้าง ฉบับที่ 12 https://www.mol.go.th/wp-content/uploads/sites/2/2024/01/ประกาศคณะกรรมการค่าจ้างขั้นต่ำ-ฉ.12.pdf
22,จันทบุรี,2024-01-01,,345,ประกาศคณะกรรมการค่าจ้าง ฉบับที่ 12 https://www.mol.go.th/wp-content/uploads/sites/2/2024/01/ประกาศคณะกรรมการค่าจ้างขั้นต่ำ-ฉ.12.pdf
23,ตราด,2024-01-01,,347,ประกาศคณะกรรมการค่าจ้าง ฉบับที่ 12 https://www.mol.go.th/wp-content/uploads/sites/2/2024/01/ประกาศคณะกรรมการค่าจ้างขั้นต่ำ-ฉ.12.pdf
24,ฉะเชิงเทรา,2024-01-01,,350,ประกาศคณะกรรมการค่าจ้าง ฉบับที่ 12 https://www.mol.go.th/wp-content/uploads/sites/2/2024/01/ประกาศคณะกรรมการค่าจ้างขั้นต่ำ-ฉ.12.pdf
25,ปราจีนบุรี,2024-01-01,,350,ประกาศคณะกรรมการค่าจ้าง ฉบับที่ 12 https://www.mol.go.th/wp-content/uploads/sites/2/2024/01/ประกาศคณะกรรมการค่าจ้างขั้นต่ำ-ฉ.12.pdf
26,นครนายก,2024-01-01,,348,ประกาศคณะกรรมการค่าจ้าง ฉบับที่ 12 https://www.mol.go.th/wp-content/uploads/sites/2/2024/01/ประกาศคณะกรรมการค่าจ้างขั้นต่ำ-ฉ.12.pdf
27,สระแก้ว,2024-01-01,,345,ประกาศคณะกรรมการค่าจ้าง ฉบับที่ 12 https://www.mol.go.th/wp-content/uploads/sites/2/2024/01/ประกาศคณะกรรมการค่าจ้างขั้นต่ำ-ฉ.12.pdf
30,นครราชสีมา,2024-01-01,,352,ประกาศคณะกรรมการค่าจ้าง ฉบับที่ 12 https://www.mol.go.th/wp-content/uploads/sites/2/2024/01/ประกาศคณะกรรมการค่าจ้างขั้นต่ำ-ฉ.12.pdf
31,บุรีรัมย์,2024-01-01,,345,ประกาศคณะกรรมการค่าจ้าง ฉบับที่ 12 https://www.mol.go.th/wp-content/uploads/sites/2/2024/01/ประกาศคณะกรรมการค่าจ้างขั้นต่ำ-ฉ.12.pdf
32,สุรินทร์,2024-01-01,,344,ประกาศคณะกรรมการค่าจ้าง ฉบับที่ 12 https://www.mol.go.th/wp-content/uploads/sites/2/2024/01/ประกาศคณะกรรมการค่าจ้างขั้นต่ำ-ฉ.12.pdf
33,ศรีสะเกษ,2024-01-01,,340,ประกาศคณะกรรมการค่าจ้าง ฉบับที่ 12 https://www.mol.go.th/wp-content/uploads/sites/2/2024/01/ประกาศคณะกรรมการค่าจ้างขั้นต่ำ-ฉ.12.pdf
34,อุบลราชธานี,2024-01-01,,345,ประกาศคณะกรรมการค่าจ้าง ฉบับที่ 12 https://www.mol.go.th/wp-content/uploads/sites/2/2024/01/ประกาศคณะกรรมการค่าจ้างขั้นต่ำ-ฉ.12.pdf
35,ยโสธร,2024-01-01,,343,ประกาศคณะกรรมการค่าจ้าง ฉบับที่ 12 https://www.mol.go.th/wp-content/uploads/sites/2/2024/01/ประกาศคณะกรรมการค่าจ้างขั้นต่ำ-ฉ.12.pdf
36,ชัยภูมิ,2024-01-01,,341,ประกาศคณะกรรมการค่าจ้าง ฉบับที่ 12 https://www.mol.go.th/wp-content/uploads/sites/2/2024/01/ประกาศคณะกรรมการค่าจ้างขั้นต่ำ-ฉ.12.pdf
37,อำนาจเจริญ,2024-01-01,,340,ประกาศคณะกรรมการค่าจ้าง ฉบับที่ 12 https://www.mol.go.th/wp-content/uploads/sites/2/2024/01/ประกาศคณะกรรมการค่าจ้างขั้นต่ำ-ฉ.12.pdf
38,บึงกาฬ,2024-01-01,,342,ประกาศคณะกรรมการค่าจ้าง ฉบับที่ 12 https://www.mol.go.th/wp-content/uploads/sites/2/2024/01/ประกาศคณะกรรมการค่าจ้างขั้นต่ำ-ฉ.12.pdf
39,หนองบัวลำภู,2024-01-01,,340,ประกาศคณะกรรมการค่าจ้าง ฉบับที่ 12 https://www.mol.go.th/wp-content/uploads/sites/2/2024/01/ประกาศคณะกรรมการค่าจ้างขั้นต่ำ-ฉ.12.pdf
40,ขอนแก่น,2024-01-01,,350,ประกาศคณะกรรมการค่าจ้าง ฉบับที่ 12 https://www.mol.go.th/wp-content/uploads/sites/2/2024/01/ประกาศคณะกรรมการค่าจ้างขั้นต่ำ-ฉ.12.pdf
41,อุดรธานี,2024-01-01,,340,ประกาศคณะกรรมการค่าจ้าง ฉบับที่ 12 https://www.mol.go.th/wp-content/uploads/sites/2/2024/01/ประกาศคณะกรรมการค่าจ้างขั้นต่ำ-ฉ.12.pdf
42,เลย,2024-01-01,,340,ประกาศคณะกรรมการค่าจ้าง ฉบับที่ 12 https://www.mol.go.th/wp-content/uploads/sites/2/2024/01/ประกาศคณะกรรมการค่าจ้างขั้นต่ำ-ฉ.12.pdf
43,หนองคาย,2024-01-01,,348,ประกาศคณะกรรมการค่าจ้าง ฉบับที่ 12 https://www.mol.go.th/wp-content/uploads/sites/2/2024/01/ประกาศคณะกรรมการค่าจ้างขั้นต่ำ-ฉ.12.pdf
44,มหาสารคาม,2024-01-01,,340,ประกาศคณะกรรมการค่าจ้าง ฉบับที่ 12 https://www.mol.go.th/wp-content/uploads/sites/2/2024/01/ประกาศคณะกรรมการค่าจ้างขั้นต่ำ-ฉ.12.pdf
45,ร้อยเอ็ด,2024-01-01,,342,ประกาศคณะกรรมการค่าจ้าง ฉบับที่ 12 https://www.mol.go.th/wp-content/uploads/sites/2/2024/01/ประกาศคณะกรรมการค่าจ้างขั้นต่ำ-ฉ.12.pdf
46,กาฬสินธุ์,2024-01-01,,342,ประกาศคณะกรรมการค่าจ้าง ฉบับที่ 12 https://www.mol.go.th/wp-content/uploads/sites/2/2024/01/ประกาศคณะกรรมการค่าจ้างขั้นต่ำ-ฉ.12.pdf
47,สกลนคร,2024-01-01,,345,ประกาศคณะกรรมการค่าจ้าง ฉบับที่ 12 https://www.mol.go.th/wp-content/uploads/sites/2/2024/01/ประกาศคณะกรรมการค่าจ้างขั้นต่ำ-ฉ.12.pdf
48,นครพนม,2024-01-01,,345,ประกาศคณะกรรมการค่าจ้าง ฉบับที่ 12 https://www.mol.go.th/wp-content/uploads/sites/2/2024/01/ประกาศคณะกรรมการค่าจ้างขั้นต่ำ-ฉ.12.pdf
49,มุกดาหาร,2024-01-01,,345,ประกาศคณะกรรมการค่าจ้าง ฉบับที่ 12 https://www.mol.go.th/wp-content/uploads/sites/2/2024/01/ประกาศคณะกรรมการค่าจ้างขั้นต่ำ-ฉ.12.pdf
50,เชียงใหม่,2024-01-01,,350,ประกาศคณะกรรมการค่าจ้าง ฉบับที่ 12 https://www.mol.go.th/wp-content/uploads/sites/2/2024/01/ประกาศคณะกรรมการค่าจ้างขั้นต่ำ-ฉ.12.pdf
51,ลำพูน,2024-01-01,,343,ประกาศคณะกรรมการค่าจ้าง ฉบับที่ 12 https://www.mol.go.th/wp-content/uploads/sites/2/2024/01/ประกาศคณะกรรมการค่าจ้างขั้นต่ำ-ฉ.12.pdf
52,ลำปาง,2024-01-01,,340,ประกาศคณะกรรมการค่าจ้าง ฉบับที่ 12 https://www.mol.go.th/wp-content/uploads/sites/2/2024/01/ประกาศคณะกรรมการค่าจ้างขั้นต่ำ-ฉ.12.pdf
53,อุตรดิตถ์,2024-01-01,,340,ประกาศคณะกรรมการค่าจ้าง ฉบับที่ 12 https://www.mol.go.th/wp-content/uploads/sites/2/2024/01/ประกาศคณะกรรมการค่าจ้างขั้นต่ำ-ฉ.12.pdf
54,แพร่,2024-01-01,,338,ประกาศคณะกรรมการค่าจ้าง ฉบับที่ 12 https://www.mol.go.th/wp-content/uploads/sites/2/2024/01/ประกาศคณะกรรมการค่าจ้างขั้นต่ำ-ฉ.12.pdf
55,น่าน,2024-01-01,,338,ประกาศคณะกรรมการค่าจ้าง ฉบับที่ 12 https://www.mol.go.th/wp-content/uploads/sites/2/2024/01/ประกาศคณะกรรมการค่าจ้างขั้นต่ำ-ฉ.12.pdf
56,พะเยา,2024-01-01,,338,ประกาศคณะกรรมการค่าจ้าง ฉบับที่ 12 https://www.mol.go.th/wp-content/uploads/sites/2/2024/01/ประกาศคณะกรรมการค่าจ้างขั้นต่ำ-ฉ.12.pdf
57,เชียงราย,2024-01-01,,345,ประกาศคณะกรรมการค่าจ้าง ฉบับที่ 12 https://www.mol.go.th/wp-content/uploads/sites/2/2024/01/ประกาศคณะกรรมการค่าจ้างขั้นต่ำ-ฉ.12.pdf
58,แม่ฮ่องสอน,2024-01-01,,340,ประกาศคณะกรรมการค่าจ้าง ฉบับที่ 12 https://www.mol.go.th/wp-content/uploads/sites/2/2024/01/ประกาศคณะกรรมการค่าจ้างขั้นต่ำ-ฉ.12.pdf
60,นครสวรรค์,2024-01-01,,343,ประกาศคณะกรรมการค่าจ้าง ฉบับที่ 12 https://www.mol.go.th/wp-content/uploads/sites/2/2024/01/ประกาศคณะกรรมการค่าจ้างขั้นต่ำ-ฉ.12.pdf
61,อุทัยธานี,2024-01-01,,340,ประกาศคณะกรรมการค่าจ้าง ฉบับที่ 12 https://www.mol.go.th/wp-content/uploads/sites/2/2024/01/ประกาศคณะกรรมการค่าจ้างขั้นต่ำ-ฉ.12.pdf
62,กำแพงเพชร,2024-01-01,,340,ประกาศคณะกรรมการค่าจ้าง ฉบับที่ 12 https://www.mol.go.th/wp-content/uploads/sites/2/2024/01/ประกาศคณะกรรมการค่าจ้างขั้นต่ำ-ฉ.12.pdf
63,ตาก,2024-01-01,,345,ประกาศคณะกรรมการค่าจ้าง ฉบับที่ 12 https://www.mol.go.th/wp-content/uploads/sites/2/2024/01/ประกาศคณะกรรมการค่าจ้างขั้นต่ำ-ฉ.12.pdf
64,สุโขทัย,2024-01-01,,340,ประกาศคณะกรรมการค่าจ้าง ฉบับที่ 12 https://www.mol.go.th/wp-content/uploads/sites/2/2024/01/ประกาศคณะกรรมการค่าจ้างขั้นต่ำ-ฉ.12.pdf
65,พิษณุโลก,2024-01-01,,345,ประกาศคณะกรรมการค่าจ้าง ฉบับที่ 12 https://www.mol.go.th/wp-content/uploads/sites/2/2024/01/ประกาศคณะกรรมการค่าจ้างขั้นต่ำ-ฉ.12.pdf
66,พิจิตร,2024-01-01,,340,ประกาศคณะกรรมการค่าจ้าง ฉบับที่ 12 https://www.mol.go.th/wp-content/uploads/sites/2/2024/01/ประกาศคณะกรรมการค่าจ้างขั้นต่ำ-ฉ.12.pdf
67,เพชรบูรณ์,2024-01-01,,342,ประกาศคณะกรรมการค่าจ้าง ฉบับที่ 12 https://www.mol.go.th/wp-content/uploads/sites/2/2024/01/ประกาศคณะกรรมการค่าจ้างขั้นต่ำ-ฉ.12.pdf
70,ราชบุรี,2024-01-01,,340,ประกาศคณะกรรมการค่าจ้าง ฉบับที่ 12 https://www.mol.go.th/wp-content/uploads/sites/2/2024/01/ประกาศคณะกรรมการค่าจ้างขั้นต่ำ-ฉ.12.pdf
71,กาญจนบุรี,2024-01-01,,345,ประกาศคณะกรรมการค่าจ้าง ฉบับที่ 12 https://www.mol.go.th/wp-content/uploads/sites/2/2024/01/ประกาศคณะกรรมการค่าจ้างขั้นต่ำ-ฉ.12.pdf
72,สุพรรณบุรี,2024-01-01,,348,ประกาศคณะกรรมการค่าจ้าง ฉบับที่ 12 https://www.mol.go.th/wp-content/uploads/sites/2/2024/01/ประกาศคณะกรรมการค่าจ้างขั้นต่ำ-ฉ.12.pdf
73,นครปฐม,2024-01-01,,363,ประกาศคณะกรรมการค่าจ้าง ฉบับที่ 12 https://www.mol.go.th/wp-content/uploads/sites/2/2024/01/ประกาศคณะกรรมการค่าจ้างขั้นต่ำ-ฉ.12.pdf
74,สมุทรสาคร,2024-01-01,,363,ประกาศคณะกรรมการค่าจ้าง ฉบับที่ 12 https://www.mol.go.th/wp-content/uploads/sites/2/2024/01/ประกาศคณะกรรมการค่าจ้างขั้นต่ำ-ฉ.12.pdf
75,สมุทรสงคราม,2024-01-01,,351,ประกาศคณะกรรมการค่าจ้าง ฉบับที่ 12 https://www.mol.go.th/wp-content/uploads/sites/2/2024/01/ประกาศคณะกรรมการค่าจ้างขั้นต่ำ-ฉ.12.pdf
76,เพชรบุรี,2024-01-01,,344,ประกาศคณะกรรมการค่าจ้าง ฉบับที่ 12 https://www.mol.go.th/wp-content/uploads/sites/2/2024/01/ประกาศคณะกรรมการค่าจ้างขั้นต่ำ-ฉ.12.pdf
77,ประจวบคีรีขันธ์,2024-01-01,,345,ประกาศคณะกรรมการค่าจ้าง ฉบับที่ 12 https://www.mol.go.th/wp-content/uploads/sites/2/2024/01/ประกาศคณะกรรมการค่าจ้างขั้นต่ำ-ฉ.12.pdf
80,นครศรีธรรมราช,2024-01-01,,342,ประกาศคณะกรรมการค่าจ้าง ฉบับที่ 12 https://www.mol.go.th/wp-content/uploads/sites/2/2024/01/ประกาศคณะกรรมการค่าจ้างขั้นต่ำ-ฉ.12.pdf
81,กระบี่,2024-01-01,,347,ประกาศคณะกรรมการค่าจ้าง ฉบับที่ 12 https://www.mol.go.th/wp-content/uploads/sites/2/2024/01/ประกาศคณะกรรมการค่าจ้างขั้นต่ำ-ฉ.12.pdf
82,พังงา,2024-01-01,,345,ประกาศคณะกรรมการค่าจ้าง ฉบับที่ 12 https://www.mol.go.th/wp-content/uploads/sites/2/2024/01/ประกาศคณะกรรมการค่าจ้างขั้นต่ำ-ฉ.12.pdf
83,ภูเก็ต,2024-01-01,,370,ประกาศคณะกรรมการค่าจ้าง ฉบับที่ 12 https://www.mol.go.th/wp-content/uploads/sites/2/2024/01/ประกาศคณะกรรมการค่าจ้างขั้นต่ำ-ฉ.12.pdf
84,สุราษฎร์ธานี,2024-01-01,,345,ประกาศคณะกรรมการค่าจ้าง ฉบับที่ 12 https://www.mol.go.th/wp-content/uploads/sites/2/2024/01/ประกาศคณะกรรมการค่าจ้างขั้นต่ำ-ฉ.12.pdf
85,ระนอง,2024-01-01,,340,ประกาศคณะกรรมการค่าจ้าง ฉบับที่ 12 https://www.mol.go.th/wp-content/uploads/sites/2/2024/01/ประกาศคณะกรรมการค่าจ้างขั้นต่ำ-ฉ.12.pdf
86,ชุมพร,2024-01-01,,344,ประกาศคณะกรรมการค่าจ้าง ฉบับที่ 12 https://www.mol.go.th/wp-content/uploads/sites/2/2024/01/ประกาศคณะกรรมการค่าจ้างขั้นต่ำ-ฉ.12.pdf
90,สงขลา,2024-01-01,,345,ประกาศคณะกรรมการค่าจ้าง ฉบับที่ 12 https://www.mol.go.th/wp-content/uploads/sites/2/2024/01/ประกาศคณะกรรมการค่าจ้างขั้นต่ำ-ฉ.12.pdf
91,สตูล,2024-01-01,,340,ประกาศคณะกรรมการค่าจ้าง ฉบับที่ 12 https://www.mol.go.th/wp-content/uploads/sites/2/2024/01/ประกาศคณะกรรมการค่าจ้างขั้นต่ำ-ฉ.12.pdf
92,ตรัง,2024-01-01,,338,ประกาศคณะกรรมการค่าจ้าง ฉบับที่ 12 https://www.mol.go.th/wp-content/uploads/sites/2/2024/01/ประกาศคณะกรรมการค่าจ้างขั้นต่ำ-ฉ.12.pdf
93,พัทลุง,2024-01-01,,341,ประกาศคณะกรรมการค่าจ้าง ฉบับที่ 12 https://www.mol.go.th/wp-content/uploads/sites/2/2024/01/ประกาศคณะกรรมการค่าจ้างขั้นต่ำ-ฉ.12.pdf
94,ปัตตานี,2024-01-01,,330,ประกาศคณะกรรมการค่าจ้าง ฉบับที่ 12 https://www.mol.go.th/wp-content/uploads/sites/2/2024/01/ประกาศคณะกรรมการค่าจ้างขั้นต่ำ-ฉ.12.pdf
95,ยะลา,2024-01-01,,330,ประกาศคณะกรรมการค่าจ้าง ฉบับที่ 12 https://www.mol.go.th/wp-content/uploads/sites/2/2024/01/ประกาศคณะกรรมการค่าจ้างขั้นต่ำ-ฉ.12.pdf
96,นราธิวาส,2024-01-01,,330,ประกาศคณะกรรมการค่าจ้าง ฉบับที่ 12 https://www.mol.go.th/wp-content/uploads/sites/2/2024/01/ประกาศคณะกรรมการค่าจ้างขั้นต่ำ-ฉ.12.pdf
10,กรุงเทพมหานคร,2025-01-01,,372,ประกาศคณะกรรมการค่าจ้าง ฉบับที่ 13 https://www.mol.go.th/wp-content/uploads/sites/2/2024/12/ประกาศค่าจ้างขั้นต่ำ-ฉ13ราชกิจจา.pdf
11,สมุทรปราการ,2025-01-01,,372,ประกาศคณะกรรมการค่าจ้าง ฉบับที่ 13 https://www.mol.go.th/wp-content/uploads/sites/2/2024/12/ประกาศค่าจ้างขั้นต่ำ-ฉ13ราชกิจจา.pdf
12,นนทบุรี,2025-01-01,,372,ประกาศคณะกรรมการค่าจ้าง ฉบับที่ 13 https://www.mol.go.th/wp-content/uploads/sites/2/2024/12/ประกาศค่าจ้างขั้นต่ำ-ฉ13ราชกิจจา.pdf
13,ปทุมธานี,2025-01-01,,372,ประกาศคณะกรรมการค่าจ้าง ฉบับที่ 13 https://www.mol.go.th/wp-content/uploads/sites/2/2024/12/ประกาศค่าจ้างขั้นต่ำ-ฉ13ราชกิจจา.pdf
14,พระนครศรีอยุธยา,2025-01-01,,357,ประกาศคณะกรรมการค่าจ้าง ฉบับที่ 13 https://www.mol.go.th/wp-content/uploads/sites/2/2024/12/ประกาศค่าจ้างขั้นต่ำ-ฉ13ราชกิจจา.pdf
15,อ่างทอง,2025-01-01,,348,ประกาศคณะกรรมการค่าจ้าง ฉบับที่ 13 https://www.mol.go.th/wp-content/uploads/sites/2/2024/12/ประกาศค่าจ้างขั้นต่ำ-ฉ13ราชกิจจา.pdf
16,ลพบุรี,2025-01-01,,356,ประกาศคณะกรรมการค่าจ้าง ฉบับที่ 13 https://www.mol.go.th/wp-content/uploads/sites/2/2024/12/ประกาศค่าจ้างขั้นต่ำ-ฉ13ราชกิจจา.pdf
17,สิงห์บุรี,2025-01-01,,348,ประกาศคณะกรรมการค่าจ้าง ฉบับที่ 13 https://www.mol.go.th/wp-content/uploads/sites/2/2024/12/ประกาศค่าจ้างขั้นต่ำ-ฉ13ราชกิจจา.pdf
18,ชัยนาท,2025-01-01,,348,ประกาศคณะกรรมการค่าจ้าง ฉบับที่ 13 https://www.mol.go.th/wp-content/uploads/sites/2/2024/12/ประกาศค่าจ้างขั้นต่ำ-ฉ13ราชกิจจา.pdf
19,สระบุรี,2025-01-01,,357,ประกาศคณะกรรมการค่าจ้าง ฉบับที่ 13 https://www.mol.go.th/wp-content/uploads/sites/2/2024/12/ประกาศค่าจ้างขั้นต่ำ-ฉ13ราชกิจจา.pdf
20,ชลบุรี,2025-01-01,,400,ประกาศคณะกรรมการค่าจ้าง ฉบับที่ 13 https://www.mol.go.th/wp-content/uploads/sites/2/2024/12/ประกาศค่าจ้างขั้นต่ำ-ฉ13ราชกิจจา.pdf
21,ระยอง,2025-01-01,,400,ประกาศคณะกรรมการค่าจ้าง ฉบับที่ 13 https://www.mol.go.th/wp-content/uploads/sites/2/2024/12/ประกาศค่าจ้างขั้นต่ำ-ฉ13ราชกิจจา.pdf
22,จันทบุรี,2025-01-01,,352,ประกาศคณะกรรมการค่าจ้าง ฉบับที่ 13 https://www.mol.go.th/wp-content/uploads/sites/2/2024/12/ประกาศค่าจ้างขั้นต่ำ-ฉ13ราชกิจจา.pdf
23,ตราด,2025-01-01,,354,ประกาศคณะกรรมการค่าจ้าง ฉบับที่ 13 https://www.mol.go.th/wp-content/uploads/sites/2/2024/12/ประกาศค่าจ้างขั้นต่ำ-ฉ13ราชกิจจา.pdf
24,ฉะเชิงเทรา,2025-01-01,,400,ประกาศคณะกรรมการค่าจ้าง ฉบับที่ 13 https://www.mol.go.th/wp-content/uploads/sites/2/2024/12/ประกาศค่าจ้างขั้นต่ำ-ฉ13ราชกิจจา.pdf
25,ปราจีนบุรี,2025-01-01,,357,ประกาศคณะกรรมการค่าจ้าง ฉบับที่ 13 https://www.mol.go.th/wp-content/uploads/sites/2/2024/12/ประกาศค่าจ้างขั้นต่ำ-ฉ13ราชกิจจา.pdf
26,นครนายก,2025-01-01,,355,ประกาศคณะกรรมการค่าจ้าง ฉบับที่ 13 https://www.mol.go.th/wp-content/uploads/sites/2/2024/12/ประกาศค่าจ้างขั้นต่ำ-ฉ13ราชกิจจา.pdf
27,สระแก้ว,2025-01-01,,352,ประกาศคณะกรรมการค่าจ้าง ฉบับที่ 13 https://www.mol.go.th/wp-content/uploads/sites/2/2024/12/ประกาศค่าจ้างขั้นต่ำ-ฉ13ราชกิจจา.pdf
30,นครราชสีมา,2025-01-01,,359,ประกาศคณะกรรมการค่าจ้าง ฉบับที่ 13 https://www.mol.go.th/wp-content/uploads/sites/2/2024/12/ประกาศค่าจ้างขั้นต่ำ-ฉ13ราชกิจจา.pdf
31,บุรีรัมย์,2025-01-01,,352,ประกาศคณะกรรมการค่าจ้าง ฉบับที่ 13 https://www.mol.go.th/wp-content/uploads/sites/2/2024/12/ประกาศค่าจ้างขั้นต่ำ-ฉ13ราชกิจจา.pdf
32,สุรินทร์,2025-01-01,,351,ประกาศคณะกรรมการค่าจ้าง ฉบับที่ 13 https://www.mol.go.th/wp-content/uploads/sites/2/2024/12/ประกาศค่าจ้างขั้นต่ำ-ฉ13ราชกิจจา.pdf
33,ศรีสะเกษ,2025-01-01,,347,ประกาศคณะกรรมการค่าจ้าง ฉบับที่ 13 https://www.mol.go.th/wp-content/uploads/sites/2/2024/12/ประกาศค่าจ้างขั้นต่ำ-ฉ13ราชกิจจา.pdf
34,อุบลราชธานี,2025-01-01,,352,ประกาศคณะกรรมการค่าจ้าง ฉบับที่ 13 https://www.mol.go.th/wp-content/uploads/sites/2/2024/12/ประกาศค่าจ้างขั้นต่ำ-ฉ13ราชกิจจา.pdf
35,ยโสธร,2025-01-01,,350,ประกาศคณะกรรมการค่าจ้าง ฉบับที่ 13 https://www.mol.go.th/wp-content/uploads/sites/2/2024/12/ประกาศค่าจ้างขั้นต่ำ-ฉ13ราชกิจจา.pdf
36,ชัยภูมิ,2025-01-01,,348,ประกาศคณะกรรมการค่าจ้าง ฉบับที่ 13 https://www.mol.go.th/wp-content/uploads/sites/2/2024/12/ประกาศค่าจ้างขั้นต่ำ-ฉ13ราชกิจจา.pdf
37,อำนาจเจริญ,2025-01-01,,347,ประกาศคณะกรรมการค่าจ้าง ฉบับที่ 13 https://www.mol.go.th/wp-content/uploads/sites/2/2024/12/ประกาศค่าจ้างขั้นต่ำ-ฉ13ราชกิจจา.pdf
38,บึงกาฬ,2025-01-01,,349,ประกาศคณะกรรมการค่าจ้าง ฉบับที่ 13 https://www.mol.go.th/wp-content/uploads/sites/2/2024/12/ประกาศค่าจ้างขั้นต่ำ-ฉ13ราชกิจจา.pdf
39,หนองบัวลำภู,2025-01-01,,347,ประกาศคณะกรรมการค่าจ้าง ฉบับที่ 13 https://www.mol.go.th/wp-content/uploads/sites/2/2024/12/ประกาศค่าจ้างขั้นต่ำ-ฉ13ราชกิจจา.pdf
40,ขอนแก่น,2025-01-01,,357,ประกาศคณะกรรมการค่าจ้าง ฉบับที่ 13 https://www.mol.go.th/wp-content/uploads/sites/2/2024/12/ประกาศค่าจ้างขั้นต่ำ-ฉ13ราชกิจจา.pdf
41,อุดรธานี,2025-01-01,,347,ประกาศคณะกรรมการค่าจ้าง ฉบับที่ 13 https://www.mol.go.th/wp-content/uploads/sites/2/2024/12/ประกาศค่าจ้างขั้นต่ำ-ฉ13ราชกิจจา.pdf
42,เลย,2025-01-01,,347,ประกาศคณะกรรมการค่าจ้าง ฉบับที่ 13 https://www.mol.go.th/wp-content/uploads/sites/2/2024/12/ประกาศค่าจ้างขั้นต่ำ-ฉ13ราชกิจจา.pdf
43,หนองคาย,2025-01-01,,355,ประกาศคณะกรรมการค่าจ้าง ฉบับที่ 13 https://www.mol.go.th/wp-content/uploads/sites/2/2024/12/ประกาศค่าจ้างขั้นต่ำ-ฉ13ราชกิจจา.pdf
44,มหาสารคาม,2025-01-01,,347,ประกาศคณะกรรมการค่าจ้าง ฉบับที่ 13 https://www.mol.go.th/wp-content/uploads/sites/2/2024/12/ประกาศค่าจ้างขั้นต่ำ-ฉ13ราชกิจจา.pdf
45,ร้อยเอ็ด,2025-01-01,,349,ประกาศคณะกรรมการค่าจ้าง ฉบับที่ 13 https://www.mol.go.th/wp-content/uploads/sites/2/2024/12/ประกาศค่าจ้างขั้นต่ำ-ฉ13ราชกิจจา.pdf
46,กาฬสินธุ์,2025-01-01,,349,ประกาศคณะกรรมการค่าจ้าง ฉบับที่ 13 https://www.mol.go.th/wp-content/uploads/sites/2/2024/12/ประกาศค่าจ้างขั้นต่ำ-ฉ13ราชกิจจา.pdf
47,สกลนคร,2025-01-01,,352,ประกาศคณะกรรมการค่าจ้าง ฉบับที่ 13 https://www.mol.go.th/wp-content/uploads/sites/2/2024/12/ประกาศค่าจ้างขั้นต่ำ-ฉ13ราชกิจจา.pdf
48,นครพนม,2025-01-01,,352,ประกาศคณะกรรมการค่าจ้าง ฉบับที่ 13 https://www.mol.go.th/wp-content/uploads/sites/2/2024/12/ประกาศค่าจ้างขั้นต่ำ-ฉ13ราชกิจจา.pdf
49,มุกดาหาร,2025-01-01,,352,ประกาศคณะกรรมการค่าจ้าง ฉบับที่ 13 https://www.mol.go.th/wp-content/uploads/sites/2/2024/12/ประกาศค่าจ้างขั้นต่ำ-ฉ13ราชกิจจา.pdf
50,เชียงใหม่,2025-01-01,,357,ประกาศคณะกรรมการค่าจ้าง ฉบับที่ 13 https://www.mol.go.th/wp-content/uploads/sites/2/2024/12/ประกาศค่าจ้างขั้นต่ำ-ฉ13ราชกิจจา.pdf
51,ลำพูน,2025-01-01,,350,ประกาศคณะกรรมการค่าจ้าง ฉบับที่ 13 https://www.mol.go.th/wp-content/uploads/sites/2/2024/12/ประกาศค่าจ้างขั้นต่ำ-ฉ13ราชกิจจา.pdf
52,ลำปาง,2025-01-01,,347,ประกาศคณะกรรมการค่าจ้าง ฉบับที่ 13 https://www.mol.go.th/wp-content/uploads/sites/2/2024/12/ประกาศค่าจ้างขั้นต่ำ-ฉ13ราชกิจจา.pdf
53,อุตรดิตถ์,2025-01-01,,347,ประกาศคณะกรรมการค่าจ้าง ฉบับที่ 13 https://www.mol.go.th/wp-content/uploads/sites/2/2024/12/ประกาศค่าจ้างขั้นต่ำ-ฉ13ราชกิจจา.pdf
54,แพร่,2025-01-01,,345,ประกาศคณะกรรมการค่าจ้าง ฉบับที่ 13 https://www.mol.go.th/wp-content/uploads/sites/2/2024/12/ประกาศค่าจ้างขั้นต่ำ-ฉ13ราชกิจจา.pdf
55,น่าน,2025-01-01,,345,ประกาศคณะกรรมการค่าจ้าง ฉบับที่ 13 https://www.mol.go.th/wp-content/uploads/sites/2/2024/12/ประกาศค่าจ้างขั้นต่ำ-ฉ13ราชกิจจา.pdf
56,พะเยา,2025-01-01,,345,ประกาศคณะกรรมการค่าจ้าง ฉบับที่ 13 https://www.mol.go.th/wp-content/uploads/sites/2/2024/12/ประกาศค่าจ้างขั้นต่ำ-ฉ13ราชกิจจา.pdf
57,เชียงราย,2025-01-01,,352,ประกาศคณะกรรมการค่าจ้าง ฉบับที่ 13 https://www.mol.go.th/wp-content/uploads/sites/2/2024/12/ประกาศค่าจ้างขั้นต่ำ-ฉ13ราชกิจจา.pdf
58,แม่ฮ่องสอน,2025-01-01,,347,ประกาศคณะกรรมการค่าจ้าง ฉบับที่ 13 https://www.mol.go.th/wp-content/uploads/sites/2/2024/12/ประกาศค่าจ้างขั้นต่ำ-ฉ13ราชกิจจา.pdf
60,นครสวรรค์,2025-01-01,,350,ประกาศคณะกรรมการค่าจ้าง ฉบับที่ 13 https://www.mol.go.th/wp-content/uploads/sites/2/2024/12/ประกาศค่าจ้างขั้นต่ำ-ฉ13ราชกิจจา.pdf
61,อุทัยธานี,2025-01-01,,347,ประกาศคณะกรรมการค่าจ้าง ฉบับที่ 13 https://www.mol.go.th/wp-content/uploads/sites/2/2024/12/ประกาศค่าจ้างขั้นต่ำ-ฉ13ราชกิจจา.pdf
62,กำแพงเพชร,2025-01-01,,347,ประกาศคณะกรรมการค่าจ้าง ฉบับที่ 13 https://www.mol.go.th/wp-content/uploads/sites/2/2024/12/ประกาศค่าจ้างขั้นต่ำ-ฉ13ราชกิจจา.pdf
63,ตาก,2025-01-01,,352,ประกาศคณะกรรมการค่าจ้าง ฉบับที่ 13 https://www.mol.go.th/wp-content/uploads/sites/2/2024/12/ประกาศค่าจ้างขั้นต่ำ-ฉ13ราชกิจจา.pdf
64,สุโขทัย,2025-01-01,,347,ประกาศคณะกรรมการค่าจ้าง ฉบับที่ 13 https://www.mol.go.th/wp-content/uploads/sites/2/2024/12/ประกาศค่าจ้างขั้นต่ำ-ฉ13ราชกิจจา.pdf
65,พิษณุโลก,2025-01-01,,352,ประกาศคณะกรรมการค่าจ้าง ฉบับที่ 13 https://www.mol.go.th/wp-content/uploads/sites/2/2024/12/ประกาศค่าจ้างขั้นต่ำ-ฉ13ราชกิจจา.pdf
66,พิจิตร,2025-01-01,,347,ประกาศคณะกรรมการค่าจ้าง ฉบับที่ 13 https://www.mol.go.th/wp-content/uploads/sites/2/2024/12/ประกาศค่าจ้างขั้นต่ำ-ฉ13ราชกิจจา.pdf
67,เพชรบูรณ์,2025-01-01,,349,ประกาศคณะกรรมการค่าจ้าง ฉบับที่ 13 https://www.mol.go.th/wp-content/uploads/sites/2/2024/12/ประกาศค่าจ้างขั้นต่ำ-ฉ13ราชกิจจา.pdf
70,ราชบุรี,2025-01-01,,347,ประกาศคณะกรรมการค่าจ้าง ฉบับที่ 13 https://www.mol.go.th/wp-content/uploads/sites/2/2024/12/ประกาศค่าจ้างขั้นต่ำ-ฉ13ราชกิจจา.pdf
71,กาญจนบุรี,2025-01-01,,352,ประกาศคณะกรรมการค่าจ้าง ฉบับที่ 13 https://www.mol.go.th/wp-content/uploads/sites/2/2024/12/ประกาศค่าจ้างขั้นต่ำ-ฉ13ราชกิจจา.pdf
72,สุพรรณบุรี,2025-01-01,,355,ประกาศคณะกรรมการค่าจ้าง ฉบับที่ 13 https://www.mol.go.th/wp-content/uploads/sites/2/2024/12/ประกาศค่าจ้างขั้นต่ำ-ฉ13ราชกิจจา.pdf
73,นครปฐม,2025-01-01,,372,ประกาศคณะกรรมการค่าจ้าง ฉบับที่ 13 https://www.mol.go.th/wp-content/uploads/sites/2/2024/12/ประกาศค่าจ้างขั้นต่ำ-ฉ13ราชกิจจา.pdf
74,สมุทรสาคร,2025-01-01,,372,ประกาศคณะกรรมการค่าจ้าง ฉบับที่ 13 https://www.mol.go.th/wp-content/uploads/sites/2/2024/12/ประกาศค่าจ้างขั้นต่ำ-ฉ13ราชกิจจา.pdf
75,สมุทรสงคราม,2025-01-01,,358,ประกาศคณะกรรมการค่าจ้าง ฉบับที่ 13 https://www.mol.go.th/wp-content/uploads/sites/2/2024/12/ประกาศค่าจ้างขั้นต่ำ-ฉ13ราชกิจจา.pdf
76,เพชรบุรี,2025-01-01,,351,ประกาศคณะกรรมการค่าจ้าง ฉบับที่ 13 https://www.mol.go.th/wp-content/uploads/sites/2/2024/12/ประกาศค่าจ้างขั้นต่ำ-ฉ13ราชกิจจา.pdf
77,ประจวบคีรีขันธ์,2025-01-01,,352,ประกาศคณะกรรมการค่าจ้าง ฉบับที่ 13 https://www.mol.go.th/wp-content/uploads/sites/2/2024/12/ประกาศค่าจ้างขั้นต่ำ-ฉ13ราชกิจจา.pdf
80,นครศรีธรรมราช,2025-01-01,,349,ประกาศคณะกรรมการค่าจ้าง ฉบับที่ 13 https://www.mol.go.th/wp-content/uploads/sites/2/2024/12/ประกาศค่าจ้างขั้นต่ำ-ฉ13ราชกิจจา.pdf
81,กระบี่,2025-01-01,,354,ประกาศคณะกรรมการค่าจ้าง ฉบับที่ 13 https://www.mol.go.th/wp-content/uploads/sites/2/2024/12/ประกาศค่าจ้างขั้นต่ำ-ฉ13ราชกิจจา.pdf
82,พังงา,2025-01-01,,352,ประกาศคณะกรรมการค่าจ้าง ฉบับที่ 13 https://www.mol.go.th/wp-content/uploads/sites/2/2024/12/ประกาศค่าจ้างขั้นต่ำ-ฉ13ราชกิจจา.pdf
83,ภูเก็ต,2025-01-01,,400,ประกาศคณะกรรมการค่าจ้าง ฉบับที่ 13 https://www.mol.go.th/wp-content/uploads/sites/2/2024/12/ประกาศค่าจ้างขั้นต่ำ-ฉ13ราชกิจจา.pdf
84,สุราษฎร์ธานี,2025-01-01,,352,ประกาศคณะกรรมการค่าจ้าง ฉบับที่ 13 https://www.mol.go.th/wp-content/uploads/sites/2/2024/12/ประกาศค่าจ้างขั้นต่ำ-ฉ13ราชกิจจา.pdf
85,ระนอง,2025-01-01,,347,ประกาศคณะกรรมการค่าจ้าง ฉบับที่ 13 https://www.mol.go.th/wp-content/uploads/sites/2/2024/12/ประกาศค่าจ้างขั้นต่ำ-ฉ13ราชกิจจา.pdf
86,ชุมพร,2025-01-01,,351,ประกาศคณะกรรมการค่าจ้าง ฉบับที่ 13 https://www.mol.go.th/wp-content/uploads/sites/2/2024/12/ประกาศค่าจ้างขั้นต่ำ-ฉ13ราชกิจจา.pdf
90,สงขลา,2025-01-01,,352,ประกาศคณะกรรมการค่าจ้าง ฉบับที่ 13 https://www.mol.go.th/wp-content/uploads/sites/2/2024/12/ประกาศค่าจ้างขั้นต่ำ-ฉ13ราชกิจจา.pdf
91,สตูล,2025-01-01,,347,ประกาศคณะกรรมการค่าจ้าง ฉบับที่ 13 https://www.mol.go.th/wp-content/uploads/sites/2/2024/12/ประกาศค่าจ้างขั้นต่ำ-ฉ13ราชกิจจา.pdf
92,ตรัง,2025-01-01,,345,ประกาศคณะกรรมการค่าจ้าง ฉบับที่ 13 https://www.mol.go.th/wp-content/uploads/sites/2/2024/12/ประกาศค่าจ้างขั้นต่ำ-ฉ13ราชกิจจา.pdf
93,พัทลุง,2025-01-01,,348,ประกาศคณะกรรมการค่าจ้าง ฉบับที่ 13 https://www.mol.go.th/wp-content/uploads/sites/2/2024/12/ประกาศค่าจ้างขั้นต่ำ-ฉ13ราชกิจจา.pdf
94,ปัตตานี,2025-01-01,,337,ประกาศคณะกรรมการค่าจ้าง ฉบับที่ 13 https://www.mol.go.th/wp-content/uploads/sites/2/2024/12/ประกาศค่าจ้างขั้นต่ำ-ฉ13ราชกิจจา.pdf
95,ยะลา,2025-01-01,,337,ประกาศคณะกรรมการค่าจ้าง ฉบับที่ 13 https://www.mol.go.th/wp-content/uploads/sites/2/2024/12/ประกาศค่าจ้างขั้นต่ำ-ฉ13ราชกิจจา.pdf
96,นราธิวาส,2025-01-01,,337,ประกาศคณะกรรมการค่าจ้าง ฉบับที่ 13 https://www.mol.go.th/wp-content/uploads/sites/2/2024/12/ประกาศค่าจ้างขั้นต่ำ-ฉ13ราชกิจจา.pdf
10,กรุงเทพมหานคร,2025-07-01,,400,ประกาศคณะกรรมการค่าจ้าง ฉบับที่ 14 https://ratchakitcha.soc.go.th/documents/76681.pdf และ https://www.prd.go.th/th/content/category/detail/id/39/iid/402570
